<?xml version="1.0"?>

<!DOCTYPE mapping PUBLIC "-//EXOLAB/Castor Mapping DTD Version 1.0//EN"
"http://castor.org/mapping.dtd">
<mapping>	
	<!-- mapping for class NewOrderNotification -->

	<class name="com.amazon.cbaiopn.NewOrderNotification">
		<map-to xml="NewOrderNotification"/>
		<field name="notificationReferenceId" type="java.lang.String">
			<bind-xml name="NotificationReferenceId" node="element"/>
		</field>
		<field name="processedOrder" type="com.amazon.cbaiopn.ProcessedOrder"> 
			<bind-xml name="ProcessedOrder"/>
		</field>   		   		
	</class>

	<class name="com.amazon.cbaiopn.OrderCancelledNotification">
		<map-to xml="OrderCancelledNotification"/>
		<field name="notificationReferenceId" type="java.lang.String">
			<bind-xml name="NotificationReferenceId" node="element"/>
		</field>
		<field name="processedOrder" type="com.amazon.cbaiopn.ProcessedOrder"> 
			<bind-xml name="ProcessedOrder"/>
		</field>   		   		
	</class>

	<class name="com.amazon.cbaiopn.OrderReadyToShipNotification">
		<map-to xml="OrderReadyToShipNotification"/>
		<field name="notificationReferenceId" type="java.lang.String">
			<bind-xml name="NotificationReferenceId" node="element"/>
		</field>
		<field name="processedOrder" type="com.amazon.cbaiopn.ProcessedOrder"> 
			<bind-xml name="ProcessedOrder"/>
		</field>   		   		
	</class>

	<class name="com.amazon.cbaiopn.FulfillmentNetwork" verify-constructable="false" auto-complete="true">	
	</class>

	<class name="com.amazon.cbaiopn.Weight">
		<field name="amount" type="java.lang.Double">
			<bind-xml name="Amount" node="element"/>
		</field>
		<field name="unit" type="java.lang.String">
			<bind-xml name="Unit" node="element"/>
		</field>		
	</class>

	<class name="com.amazon.cbaiopn.Price">
		<field name="amount" type="java.lang.Double">
			<bind-xml name="Amount" node="element"/>
		</field>
		<field name="currencyCode" type="java.lang.String">
			<bind-xml name="CurrencyCode" node="element"/>
		</field>  
	</class>

	<class name="com.amazon.cbaiopn.ProcessedOrder">
		<field name="orderChannel" type="java.lang.String">
			<bind-xml name="OrderChannel" node="element"/>
		</field> 	
		<field name="amazonOrderID" type="java.lang.String">
			<bind-xml name="AmazonOrderID" node="element"/>
		</field>
		<field name="orderDate"
			type="java.util.Date"
			required="false" direct="false" transient="false">
			<bind-xml name="OrderDate" node="element" reference="false"/>
		</field>	
		<field name="buyerInfo" type="com.amazon.cbaiopn.BuyerInfo" verify-constructable="false" auto-complete="true"> 
			<bind-xml name="BuyerInfo"/>
		</field> 
		<field name="shippingAddress" type="com.amazon.cbaiopn.ShippingAddress">
			<bind-xml name="ShippingAddress"/>
		</field>
		<field name="shippingServiceLevel" type="com.amazon.cbaiopn.ShippingServiceLevel" verify-constructable="false">
			<bind-xml name="ShippingServiceLevel"/>
		</field> 
		<field name="processedOrderItems" type="com.amazon.cbaiopn.ProcessedOrderItems"> 
			<bind-xml name="ProcessedOrderItems"/>
		</field>   		
	</class>

	<class name="com.amazon.cbaiopn.ProcessedOrderItem">
		<field name="amazonOrderItemCode" type="java.lang.String">
			<bind-xml name="AmazonOrderItemCode" node="element"/>
		</field>   		
		<field name="merchantId" type="java.lang.String">
			<bind-xml name="MerchantId" node="element"/>
		</field>
		<field name="SKU" type="java.lang.String">
			<bind-xml name="SKU" node="element"/>
		</field>
		<field name="title" type="java.lang.String">
			<bind-xml name="Title" node="element"/>
		</field>
		<field name="description" type="java.lang.String">
			<bind-xml name="Description" node="element"/>
		</field>
		<field name="clientRequestId" type="string" required="false"
			direct="false" transient="false">
			<bind-xml name="ClientRequestId" node="element" reference="false"/>
		</field>
		<field name="cartId" type="string" required="false"
			direct="false" transient="false">
			<bind-xml name="CartId" node="element" reference="false"/>
		</field>
		<field name="integratorId" type="string" required="false"
			direct="false" transient="false">
			<bind-xml name="IntegratorId" node="element" reference="false"/>
		</field>
		<field name="integratorName" type="string" required="false"
			direct="false" transient="false">
			<bind-xml name="IntegratorName" node="element" reference="false"/>
		</field> 
		<field name="price" type="com.amazon.cbaiopn.Price"> 
			<bind-xml name="Price"/>
		</field>
		<field name="quantity" type="java.math.BigInteger">
			<bind-xml name="Quantity" node="element"/>
		</field>
		<field name="weight" type="com.amazon.cbaiopn.Weight"> 
			<bind-xml name="Weight"/>
		</field>

		<field name="category" type="java.lang.String">
			<bind-xml name="Category" node="element"/>
		</field>
		<field name="condition" type="java.lang.String">
			<bind-xml name="Condition" node="element"/>
		</field>
		<field name="fulfillmentNetwork" type="com.amazon.cbaiopn.FulfillmentNetwork" verify-constructable="false">
			<bind-xml name="FulfillmentNetwork"/>
		</field>  
		<field name="itemCharges" type="com.amazon.cbaiopn.Charges"> 
			<bind-xml name="ItemCharges"/>
		</field>
		<field name="itemCustomData" type="org.exolab.castor.types.AnyNode">
		 	<bind-xml name="ItemCustomData"/>
		</field>
		<field name="cartCustomData" type="org.exolab.castor.types.AnyNode">
			<bind-xml name="CartCustomData"/>
		</field>
	</class>

	<class name="com.amazon.cbaiopn.ShippingServiceLevel" verify-constructable="false" auto-complete="true">	
	</class>

	<class name="com.amazon.cbaiopn.ProcessedOrderItems">
		<field name="processedOrderItem" type="com.amazon.cbaiopn.ProcessedOrderItem" collection="arraylist">
			<bind-xml name="ProcessedOrderItem"/>
		</field>
	</class>

	<class name="com.amazon.cbaiopn.BuyerInfo" verify-constructable="false" auto-complete="true">
		<field name="buyerEmailAddress" type="java.lang.String">
			<bind-xml name="BuyerEmailAddress" node="element"/>
		</field>
		<field name="buyerName" type="java.lang.String">
			<bind-xml name="BuyerName" node="element"/>
		</field>   		
	</class>

	<class name="com.amazon.cbaiopn.ShippingAddress">
		<field name="name" type="java.lang.String">
			<bind-xml name="Name" node="element"/>
		</field>
		<field name="addressId" type="java.lang.String">
			<bind-xml name="AddressId" node="element"/>
		</field>	
		<field name="addressFieldOne" type="java.lang.String">
			<bind-xml name="AddressFieldOne" node="element"/>
		</field>	
		<field name="addressFieldTwo" type="java.lang.String">
			<bind-xml name="AddressFieldTwo" node="element"/>
		</field>
		<field name="addressFieldThree" type="java.lang.String">
			<bind-xml name="AddressFieldThree" node="element"/>
		</field>
		<field name="city" type="java.lang.String">
			<bind-xml name="City" node="element"/>
		</field>
		<field name="state" type="java.lang.String">
			<bind-xml name="State" node="element"/>
		</field>
		<field name="postalCode" type="java.lang.String">
			<bind-xml name="PostalCode" node="element"/>
		</field>   		
		<field name="countryCode" type="java.lang.String">
			<bind-xml name="CountryCode" node="element"/>
		</field>
		<field name="phoneNumber" type="java.lang.String">
			<bind-xml name="PhoneNumber" node="element"/>
		</field>
	</class>

	<class name="com.amazon.cbaiopn.Charges">
		<field name="component" type="com.amazon.cbaiopn.Component" collection="arraylist">
			<bind-xml name="Component"/>
		</field>
	</class>

	<class name="com.amazon.cbaiopn.Component">
		<field name="type" type="java.lang.String">
			<bind-xml name="Type" node="element"/>
		</field>
		<field name="charge" type="com.amazon.cbaiopn.Price">
			<bind-xml name="Charge"/>
		</field>   		   		
	</class>

</mapping>

