<?xml version="1.0" encoding="UTF-8"?>
<modification>
   <id>Override Controller Header</id>
   <version>1.0</version>
   <vqmver>2.X</vqmver>
   <author>Amazon</author>
   <file name="catalog/controller/common/header.php">
	    <operation info="Override Controller Header">
           <search position="before"><![CDATA[
		       $data['scripts'] = $this->document->getScripts();
           ]]></search>
           <add><![CDATA[
			  if($this->config->get('pwa_environment') == 'production'){
				$data['pwa_scripts'] = '<script type="text/javascript" src="https://images-na.ssl-images-amazon.com/images/G/01/cba/js/jquery.js"></script><script type="text/javascript" src="https://static-eu.payments-amazon.com/cba/js/in/PaymentWidgets.js"></script>';
			  } else { 
				$data['pwa_scripts'] = '<script type="text/javascript" src="https://images-na.ssl-images-amazon.com/images/G/01/cba/js/jquery.js"></script><script type="text/javascript" src="https://static-eu.payments-amazon.com/cba/js/in/sandbox/PaymentWidgets.js"></script>';
			  }
           ]]></add>
       </operation>
   </file>
</modification>
