<?xml version="1.0" encoding="UTF-8"?>
<modification>
   <id>Override Template Header</id>
   <version>1.0</version>
   <vqmver>2.X</vqmver>
   <author>Amazon</author>
   <file name="catalog/view/theme/default/template/common/header.tpl">
	    <operation info="Override Template Header">
           <search position="before"><![CDATA[
		       <script src="catalog/view/javascript/jquery/jquery-2.1.1.min.js" type="text/javascript"></script>
           ]]></search>
           <add><![CDATA[
			  <?php echo $pwa_scripts; ?>
           ]]></add>
       </operation>
   </file>
</modification>
