<?xml version="1.0" encoding="UTF-8"?>
<modification>
   <id>Override Product Form</id>
   <version>1.0</version>
   <vqmver>2.X</vqmver>
   <author>Amazon</author>
   <file name="admin/view/template/catalog/product_form.tpl">
	    <operation info="Override Product Form">
           <search position="before"><![CDATA[
		      <li><a href="#tab-design" data-toggle="tab"><?php echo $tab_design; ?></a></li>
           ]]></search>
           <add><![CDATA[
			  <li><a href="#tab-easyship" data-toggle="tab">Easy Ship</a></li>
           ]]></add>
       </operation>
       <operation info="Override Product Form">
           <search position="before"><![CDATA[
		      <div class="tab-pane" id="tab-design">
           ]]></search>
           <add><![CDATA[
		   <div class="tab-pane" id="tab-easyship">
				<div class="form-group">
					<label class="col-sm-2 control-label" for="pwa_easyship_length">Easy Ship Length(cm)</label>
					<div class="col-sm-10">
					  <input type="text" name="pwa_easyship_length" id="pwa_easyship_length" class="form-control" value="">
					</div>
				</div>

				<div class="form-group">
					<label class="col-sm-2 control-label" for="pwa_easyship_width">Easy Ship Width(cm)</label>
					<div class="col-sm-10">
					  <input type="text" name="pwa_easyship_width" id="pwa_easyship_width" class="form-control" value="">
					</div>
				</div>

				<div class="form-group">
					<label class="col-sm-2 control-label" for="pwa_easyship_height">Easy Ship Height(cm)</label>
					<div class="col-sm-10">
					  <input type="text" name="pwa_easyship_height" id="pwa_easyship_height" class="form-control" value="">
					</div>
				</div>
				
				<div class="form-group" style="display:none;">
					<label class="col-sm-2 control-label" for="pwa_easyship_weight">Easy Ship Weight(kg/gm)</label>
					<div class="col-sm-10">
					  <input type="text" name="pwa_easyship_weight" id="pwa_easyship_weight" class="form-control" value="">
					</div>
				</div>

				<div class="form-group">
					<label class="col-sm-2 control-label" for="pwa_easyship_category">Easy Ship Category</label>
					<div class="col-sm-10">
					  <select name="pwa_easyship_category" id="pwa_easyship_category" class="form-control">
						<option value="Books">Books</option>
						<option value="Software">Software</option>
						<option value="Business">Business</option>
						<option value="Computer Hardware & Accessories">Computer Hardware & Accessories</option>
						<option value="Apparel, Shoes & Accessories">Apparel, Shoes & Accessories</option>
						<option value="Sports & Recreation">Sports & Recreation</option>
						<option value="Hobbies, Toys & Games">Hobbies, Toys & Games</option>
						<option value="Automotive">Automotive</option>
						<option value="Home & Garden">Home & Garden</option>
						<option value="Jewelry & Watches">Jewelry & Watches</option>
						<option value="Electronics">Electronics</option>
						<option value="DVD">DVD</option>
						<option value="Music">Music</option>
						<option value="Musical Instruments">Musical Instruments</option>
						<option value="Video">Video</option>
						<option value="Video Games">Video Games</option>
						<option value="Camera">Camera</option>
						<option value="Watch">Watch</option>
						<option value="Digital Accessories">Digital Accessories</option>
						<option value="Mobile Electronics">Mobile Electronics</option>
						<option value="Wireless">Wireless</option>
						<option value="Shoes">Shoes</option>
						<option value="Luggage">Luggage</option>
						<option value="Home Improvement">Home Improvement</option>
						<option value="Kitchen">Kitchen</option>
						<option value="Lawn & Garden">Lawn & Garden</option>
						<option value="Physical Gift Cards">Physical Gift Cards</option>
						<option value="Email Gift Cards">Email Gift Cards</option>
					  </select>
					</div>
				</div>

				<div class="form-group">
					<label class="col-sm-2 control-label" for="pwa_easyship_hazmat">Easy Ship Hazmat</label>
					<div class="col-sm-10">
					  <select name="pwa_easyship_hazmat" id="pwa_easyship_hazmat" class="form-control" >
						<option value="false">No</option>
						<option value="true">Yes</option>
					  </select>
					</div>
				</div>

				<div class="form-group">
					<label class="col-sm-2 control-label" for="pwa_easyship_min_days">Easy Ship Handling Time Minimum(in days)</label>
					<div class="col-sm-10">
					  <input type="text" name="pwa_easyship_min_days" id="pwa_easyship_min_days" class="form-control" value="">
					</div>
				</div>

				<div class="form-group">
					<label class="col-sm-2 control-label" for="pwa_easyship_max_days">Easy Ship Handling Time Maximum(in days)</label>
					<div class="col-sm-10">
					  <input type="text" name="pwa_easyship_max_days" id="pwa_easyship_max_days" class="form-control" value="">
					</div>
				</div>
			</div>
			<script type="text/javascript">
				$(document).ready(function() {
				  function easyship_data () {
				  	var product_id = '<?php echo $_GET['product_id']; ?>';
				      $.ajax({
				      url: 'index.php?route=payment/pwa/easyshipdata&token=<?php echo $token; ?>&product_id='+product_id,
				      dataType: 'json',    
				      success: function(result) {
				       	$('#pwa_easyship_length').val(result.pwa_easyship_length);
				       	$('#pwa_easyship_width').val(result.pwa_easyship_width);
				       	$('#pwa_easyship_height').val(result.pwa_easyship_height);
				       	$('#pwa_easyship_weight').val(result.pwa_easyship_weight);
				       	$('#pwa_easyship_min_days').val(result.pwa_easyship_min_days);
				       	$('#pwa_easyship_max_days').val(result.pwa_easyship_max_days);
				        $("#pwa_easyship_category").val( result.pwa_easyship_category ).attr('selected',true);
				        $("#pwa_easyship_hazmat").val( result.pwa_easyship_hazmat ).attr('selected',true);
				      }
				    });
				  }
				
				easyship_data();
				});
			</script>
           ]]></add>
       </operation>
   </file>
</modification>
