<?xml version="1.0" encoding="UTF-8"?>
<modification>
   <id>Override Order Detail Page</id>
   <version>1.0</version>
   <vqmver>2.X</vqmver>
   <author>Amazon</author>
   <file name="admin/view/template/sale/order_info.tpl">
	    <operation info="Override Order Detail Page">
           <search position="before"><![CDATA[
		       <li><a href="#tab-history" data-toggle="tab"><?php echo $tab_history; ?></a></li>
           ]]></search>
           <add><![CDATA[
			  <li><a href="#tab-easyship" data-toggle="tab">Easy Ship</a></li>
           ]]></add>
       </operation>
       <operation info="Override Order Detail Page">
           <search position="before"><![CDATA[
		     <div class="tab-pane" id="tab-history">
           ]]></search>
           <add><![CDATA[
		   <div class="tab-pane" id="tab-easyship">
		   <?php if($payment_method == 'Pay with Amazon'){ ?>
				<div class="form-group col-sm-12">
					<label class="col-sm-3 control-label" for="pwa_easyship_length">Amazon Easyship Order Status : </label>
					<div class="col-sm-9">
					  <div id="amazon_order_status">Loading...</div>
					</div>
				</div>
				<br />
				
				<div class="form-group col-sm-12">
					<label class="col-sm-3 control-label" for="pwa_easyship_length">Payment Method : </label>
					<div class="col-sm-9">
					  <div id="amazon_payment_method">Loading...</div>
					</div>
				</div>
				<br />
				<br />
				
				<div class="form-group">
					<div class="col-sm-12">
					
						<a class="btn btn-primary" data-loading-text="Loading..." id="refresh_amazon_easyship_order_status"> Refresh Amazon EasyShip Order Status</a>
						
						<a class="btn btn-primary" data-loading-text="Loading..." id="get_payment_info"> Get Payment Info</a>
						
						<a class="btn btn-primary" id="schedule_pickup" href="" target="_blank"> Schedule Pickup</a>
						
						<a class="btn btn-primary" id="print_shipping_label"  href="" target="_blank"> Print Shipping Label</a>
					</div>
				</div>

				<script type="text/javascript">
					$(document).ready(function() {
						  function easyship_shipment () {
							  var order_id = '<?php echo $_GET['order_id']; ?>';
							  $.ajax({
								  url: 'index.php?route=payment/pwa/easyship_shipment&token=<?php echo $token; ?>&order_id='+order_id,
								  dataType: 'json',    
								  success: function(result) {
									if(result.easyship_status == '' || result.easyship_status === null)
									{
										$("#amazon_order_status").html('TFM Status Not Available');
										$("#schedule_pickup").hide();
										$("#print_shipping_label").hide();
									}
									
									if(result.easyship_status == '0')
									{
										$("#amazon_order_status").html('Easyship Not Available');
										$("#schedule_pickup").hide();
										$("#print_shipping_label").hide();
									}
									
									if(result.easyship_status == '1')
									{
										if(result.easyship_TFM_status == '0')
										{
											$("#schedule_pickup").show();
											$("#print_shipping_label").hide();
										}
										else
										{
											$("#schedule_pickup").hide();
											$("#print_shipping_label").show();
											//$("#amazon_order_status").html(result.easyship_TFM_status);
										}
										
										$("#amazon_order_status").html('Easyship Available');
									}
									
									if(result.PaymentMethod == 'COD')
									{
										$("#amazon_payment_method").html('Pay with Amazon - COD');
									}
									else
									{
										$("#amazon_payment_method").html('Pay with Amazon');
									}
									var redirect_url = 'https://sellercentral.amazon.in/gp/orders-v2/details/ref=cb_orddet_cont_myo?ie=UTF8&orderID='+result.amazon_order_id;
									$("#schedule_pickup").attr("href", redirect_url);
									$("#print_shipping_label").attr("href", redirect_url);
								  }
							  });
							  
							  
							  
						  }
						  
						  function mws_get_order(){
						  
							  var order_id = '<?php echo $_GET['order_id']; ?>';
							  var url = '<?php echo str_replace('admin/','',HTTP_SERVER); ?>';
							  $.ajax({
								  url: url+'index.php?route=payment/pwa/mws_get_order&order_id='+order_id,
								  dataType: 'json',    
								  success: function(result) {
										if(result.ShipServiceLevel == '0')
										{
											$("#amazon_order_status").html('Easyship Not Available');
											$("#schedule_pickup").hide();
											$("#print_shipping_label").hide();
										}
										
										if(result.ShipServiceLevel == '1')
										{
											if(result.TFMShipmentStatus == '0')
											{
												$("#schedule_pickup").show();
												$("#print_shipping_label").hide();
											}
											else
											{
												$("#schedule_pickup").hide();
												$("#print_shipping_label").show();
											}
											$("#amazon_order_status").html('Easyship Available');
										}
										
										if(result.PaymentMethod == 'COD')
										{
											$("#amazon_payment_method").html('Pay with Amazon - COD');
										}
										else
										{
											$("#amazon_payment_method").html('Pay with Amazon');
										}
								   }
							  });
						  }
						  
						  
						  $( "#refresh_amazon_easyship_order_status" ).click(function() {
							  mws_get_order();
						  });
						  
						   $( "#get_payment_info" ).click(function() {
							  mws_get_order();
						  });
						 
						  
						  easyship_shipment();
					});
				</script>
				<?php } else { ?>
					<div class="form-group">
						<label class="col-sm-6 control-label" for="pwa_easyship_length">Sorry!! This order is not valid for Easy Ship.</label>
					</div>
				<?php } ?>
			</div>
           ]]></add>
       </operation>
   </file>
</modification>
